videoId	frameIndex	PDExtractorID	OFExtractorID	numBoxes	numChildRoIs	numParentRoIs	inferenceFrameSize	inferenceDevice	enqueueTime	fullInferenceStartTime	fullInferenceEndTime	pixelDiffRoIProcessStartTime	pixelDiffRoIProcessEndTime	opticalFlowRoIProcessStartTime	opticalFlowRoIProcessEndTime	resizeStartTime	resizeEndTime	mergeRoIStartTime	mergeRoIEndTime	mixingStartTime	mixingEndTime	mixedInferenceStartTime	mixedInferenceEndTime	reconstructStartTime	reconstructEndTime	endTime
0	1001	0	1	29	35	23	832	0	1639041	1668252	2904211	1642493	1649555	1649697	1660127	1660276	1660988	1660988	1661417	1661718	1661777	0	0	0	0	2917898
0	1002	0	0	42	35	21	832	0	1657678	0	0	1660415	1663282	2919088	2924598	2924746	2924847	2924847	2925287	3111058	3116035	4381346	5618383	5653881	5656507	5662419
0	1003	0	0	42	36	22	832	0	1679515	0	0	1680803	1682844	2925514	2934102	2934235	2934381	2934382	2934900	3111058	3116035	4381346	5618383	5653881	5656507	5662431
0	1004	1	0	40	37	22	832	0	1710977	0	0	1712345	1721641	2935105	2939550	2939707	2939826	2939826	2940337	3111058	3116035	4381346	5618383	5653881	5656507	5662442
0	1005	1	1	41	37	22	832	0	1729923	0	0	1731994	1737697	2940759	2947574	2947767	2947884	2947885	2948380	3111058	3116035	4381346	5618383	5653881	5656507	5662453
0	1006	1	1	32	37	22	832	0	1747202	3126372	4362977	1749524	1752385	2948704	2953534	2953711	2953824	2953824	2954351	3111058	3116035	0	0	0	0	5662464
0	1007	1	0	31	29	21	832	0	1773261	0	0	1774325	1779234	4374088	4379711	4379838	4382081	4382081	4382396	5667701	5682539	9550656	10785118	10842566	10848747	10858491
0	1008	0	1	32	29	21	832	0	1791056	0	0	1792231	1794761	4383000	4388222	4388363	4388463	4388464	4388736	5667701	5682539	9550656	10785118	10842566	10848747	10858502
0	1009	0	1	33	31	22	832	0	1807537	0	0	1810188	1813389	4389216	4396612	4396716	4396805	4396805	4397089	5667701	5682539	9550656	10785118	10842566	10848747	10858512
0	1010	0	1	34	31	22	832	0	1829653	0	0	1830755	1835278	4397583	4406790	4406884	4406990	4406990	4407279	5667701	5682539	9550656	10785118	10842566	10848747	10858521
0	1011	0	0	37	31	22	832	0	1874633	0	0	1876246	1881244	4407848	4412758	4412859	4412944	4412945	4413193	5667701	5682539	9550656	10785118	10842566	10848747	10858531
0	1012	0	0	33	31	22	832	0	1903283	0	0	1904507	1908475	4413657	4418478	4418619	4418738	4418738	4419006	5667701	5682539	9550656	10785118	10842566	10848747	10858540
0	1013	0	0	32	31	22	832	0	1921479	0	0	1924028	1926643	4419468	4423099	4423218	4423312	4423313	4423600	5667701	5682539	9550656	10785118	10842566	10848747	10858549
0	1014	0	0	36	31	22	832	0	1956223	0	0	1957415	1959590	4424069	4427648	4427756	4427838	4427838	4428086	5667701	5682539	9550656	10785118	10842566	10848747	10858559
0	1015	1	0	35	31	22	832	0	1987677	0	0	1990046	1992285	4428574	4432409	4432487	4432581	4432582	4432853	5667701	5682539	9550656	10785118	10842566	10848747	10858568
0	1016	1	0	34	31	22	832	0	2022207	0	0	2025847	2029658	4433370	4437018	4437157	4437241	4437241	4437488	5667701	5682539	9550656	10785118	10842566	10848747	10858577
0	1017	1	0	29	31	21	832	0	2068028	0	0	2070580	2073154	4437982	4441550	4441643	4441728	4441729	4441990	5667701	5682539	9550656	10785118	10842566	10848747	10858586
0	1018	1	0	31	31	21	832	0	2098464	0	0	2100005	2101793	4442495	4445949	4446052	4446138	4446138	4446422	5667701	5682539	9550656	10785118	10842566	10848747	10858597
0	1019	1	0	32	31	21	832	0	2116243	0	0	2117464	2120989	4446907	4450587	4450719	4450814	4450814	4451077	5667701	5682539	9550656	10785118	10842566	10848747	10858608
0	1020	1	0	33	31	21	832	0	2144875	0	0	2146553	2150641	4451560	4455368	4455434	4455517	4455517	4455768	5667701	5682539	9550656	10785118	10842566	10848747	10858617
0	1021	0	0	33	31	21	832	0	2176230	0	0	2178238	2181241	4456262	4461040	4461161	4461256	4461256	4461520	5667701	5682539	9550656	10785118	10842566	10848747	10858625
0	1022	0	0	34	31	21	832	0	2210295	0	0	2211973	2214074	4462053	4467302	4467424	4467512	4467512	4467771	5667701	5682539	9550656	10785118	10842566	10848747	10858636
0	1023	0	0	32	31	21	832	0	2239629	0	0	2240967	2243236	4468295	4472326	4472455	4472539	4472539	4472796	5667701	5682539	9550656	10785118	10842566	10848747	10858645
0	1024	0	0	34	31	21	832	0	2278192	0	0	2279616	2281589	4473314	4477140	4477232	4477316	4477316	4477577	5667701	5682539	9550656	10785118	10842566	10848747	10858655
0	1025	0	0	32	32	21	832	0	2308545	0	0	2313154	2315944	4478104	4481640	4481751	4481840	4481840	4482093	5667701	5682539	9550656	10785118	10842566	10848747	10858664
0	1026	1	0	34	32	21	832	0	2344410	0	0	2345557	2347573	4482639	4486286	4486455	4486548	4486548	4486813	5667701	5682539	9550656	10785118	10842566	10848747	10858674
0	1027	1	0	33	32	21	832	0	2371778	5688494	6919920	2373052	2376132	4487347	4491048	4491163	4491254	4491254	4491512	5667701	5682539	0	0	0	0	10858685
0	1028	1	0	38	30	20	832	0	2397877	0	0	2399212	2403635	6932611	6936909	6937009	6937130	6937131	6937443	10875801	10886598	14737410	15948363	16005693	16008413	16016039
0	1029	1	0	35	30	19	832	0	2434061	0	0	2436676	2443281	6938126	6944092	6944236	6944339	6944339	6944666	10875801	10886598	14737410	15948363	16005693	16008413	16016048
0	1030	0	0	37	31	20	832	0	2453906	0	0	2455145	2457337	6945290	6950243	6950455	6950546	6950546	6950898	10875801	10886598	14737410	15948363	16005693	16008413	16016056
0	1031	1	0	35	34	21	832	0	2498037	0	0	2499353	2502493	6951569	6955519	6955678	6955784	6955784	6956100	10875801	10886598	14737410	15948363	16005693	16008413	16016065
0	1032	0	0	44	36	20	832	0	2525345	0	0	2527214	2531516	6956704	6961366	6961511	6961621	6961622	6961942	10875801	10886598	14737410	15948363	16005693	16008413	16016074
0	1033	0	0	39	36	20	832	0	2559754	0	0	2562077	2565427	6962525	6967482	6967632	6967748	6967748	6968071	10875801	10886598	14737410	15948363	16005693	16008413	16016083
0	1034	1	0	38	37	21	832	0	2598665	0	0	2600417	2602306	6968658	6973502	6973678	6973792	6973792	6974185	10875801	10886598	14737410	15948363	16005693	16008413	16016092
0	1035	1	0	37	38	21	832	0	2623166	0	0	2624400	2626605	6974824	6981065	6981204	6981307	6981307	6981686	10875801	10886598	14737410	15948363	16005693	16008413	16016102
0	1036	0	0	47	38	21	832	0	2658950	0	0	2663084	2666562	6982286	6987393	6987537	6987647	6987647	6988013	10875801	10886598	14737410	15948363	16005693	16008413	16016112
0	1037	1	0	42	38	21	832	0	2708175	0	0	2710250	2712924	6988599	6993750	6993921	6994029	6994029	6994457	10875801	10886598	14737410	15948363	16005693	16008413	16016122
0	1038	0	0	45	38	21	832	0	2742739	0	0	2745158	2747484	6995079	7004908	7005060	7005182	7005182	7005678	10875801	10886598	14737410	15948363	16005693	16008413	16016132
0	1039	1	0	44	39	21	832	0	2769554	0	0	2770633	2772404	7006305	7011603	7011765	7011872	7011873	7012227	10875801	10886598	14737410	15948363	16005693	16008413	16016142
0	1040	1	0	49	39	21	832	0	2794430	0	0	2801796	2804557	7012899	7018503	7018653	7018772	7018772	7019178	10875801	10886598	14737410	15948363	16005693	16008413	16016152
0	1041	1	0	35	39	21	832	0	2824979	10896878	12128584	2826149	2828278	7019829	7026839	7026983	7027097	7027097	7027454	10875801	10886598	0	0	0	0	16016162
0	1042	1	1	50	33	23	832	0	2842526	0	0	2843665	2845888	12140476	12151968	12152115	12152228	12152228	12152537	16029335	16041547	19804442	20998847	21054140	21056882	21063905
0	1043	1	1	42	35	23	832	0	2872508	0	0	2873545	2875913	12153498	12163910	12164068	12164202	12164202	12164557	16029335	16041547	19804442	20998847	21054140	21056882	21063914
0	1044	1	1	39	36	23	832	0	2890128	0	0	2892076	2898270	12165518	12175714	12175841	12175966	12175967	12176317	16029335	16041547	19804442	20998847	21054140	21056882	21063924
0	1045	0	1	40	36	23	832	0	2912706	0	0	2914776	2916806	12177101	12183664	12183792	12183901	12183902	12184188	16029335	16041547	19804442	20998847	21054140	21056882	21063934
0	1046	1	1	40	36	23	832	0	2930157	0	0	2931957	2934630	12184951	12192092	12192248	12192368	12192368	12192691	16029335	16041547	19804442	20998847	21054140	21056882	21063944
0	1047	0	1	43	38	24	832	0	2953528	0	0	2954469	2956266	12193493	12201095	12201221	12201334	12201334	12201688	16029335	16041547	19804442	20998847	21054140	21056882	21063954
0	1048	0	1	42	38	24	832	0	2986029	0	0	2987372	2989081	12202546	12211421	12211563	12211677	12211678	12212022	16029335	16041547	19804442	20998847	21054140	21056882	21063964
0	1049	0	1	42	38	24	832	0	3027200	0	0	3030109	3032717	12212823	12218442	12218584	12218692	12218693	12219038	16029335	16041547	19804442	20998847	21054140	21056882	21063974
0	1050	1	1	43	38	24	832	0	3064634	0	0	3066029	3069037	12219845	12225787	12225919	12226029	12226029	12226383	16029335	16041547	19804442	20998847	21054140	21056882	21063984
0	1051	0	1	46	38	24	832	0	3083473	0	0	3084970	3087124	12227192	12233875	12234016	12234127	12234128	12234496	16029335	16041547	19804442	20998847	21054140	21056882	21063994
0	1052	1	1	45	38	24	832	0	3110051	0	0	3111077	3112796	12235328	12241435	12241598	12241745	12241745	12242099	16029335	16041547	19804442	20998847	21054140	21056882	21064004
0	1053	1	1	35	38	24	832	0	3162343	16055051	17251796	3169228	3177457	12243006	12251235	12251387	12251498	12251498	12251839	16029335	16041547	0	0	0	0	21064014
0	1054	1	1	40	33	20	832	0	3202161	0	0	3203985	3206004	17286240	17297631	17297784	17297899	17297899	17298193	21075821	21086742	24860340	26065093	26107661	26109047	26115209
0	1055	1	0	38	35	21	832	0	3222249	0	0	3223430	3225457	17299242	17311982	17312148	17312271	17312272	17312605	21075821	21086742	24860340	26065093	26107661	26109047	26115218
0	1056	1	0	37	35	21	832	0	3237732	0	0	3238922	3241843	17313546	17318991	17319130	17319256	17319256	17319597	21075821	21086742	24860340	26065093	26107661	26109047	26115227
0	1057	1	0	43	35	21	832	0	3261233	0	0	3263414	3265743	17320532	17325936	17326081	17326193	17326194	17326559	21075821	21086742	24860340	26065093	26107661	26109047	26115236
0	1058	1	0	43	35	21	832	0	3283287	0	0	3284568	3287291	17327505	17332855	17333023	17333137	17333137	17333467	21075821	21086742	24860340	26065093	26107661	26109047	26115245
0	1059	1	0	34	35	21	832	0	3318222	0	0	3319613	3321997	17334447	17340767	17340886	17340984	17340984	17341265	21075821	21086742	24860340	26065093	26107661	26109047	26115255
0	1060	1	0	38	36	21	832	0	3341610	0	0	3342928	3347191	17342091	17347140	17347263	17347363	17347363	17347652	21075821	21086742	24860340	26065093	26107661	26109047	26115264
0	1061	0	0	36	36	21	832	0	3360422	0	0	3362673	3365223	17348467	17353629	17353753	17353860	17353861	17354149	21075821	21086742	24860340	26065093	26107661	26109047	26115273
0	1062	0	0	40	37	21	832	0	3394920	0	0	3397106	3401600	17354992	17359950	17360074	17360176	17360177	17360471	21075821	21086742	24860340	26065093	26107661	26109047	26115282
0	1063	1	0	38	38	22	832	0	3423190	0	0	3427562	3431088	17361285	17366420	17366551	17366660	17366660	17367017	21075821	21086742	24860340	26065093	26107661	26109047	26115292
0	1064	1	0	36	38	22	832	0	3463617	21092843	22288734	3466018	3468495	17367869	17373246	17373378	17373488	17373488	17373824	21075821	21086742	0	0	0	0	26115302
0	1065	1	1	39	34	19	832	0	3496344	0	0	3497558	3501354	22324556	22339765	22339966	22340116	22340116	22340458	26125354	26135725	29923723	31126913	31160221	31160945	31167583
0	1066	1	1	42	35	20	832	0	3515170	0	0	3517326	3519747	22341696	22348653	22348798	22348923	22348924	22349276	26125354	26135725	29923723	31126913	31160221	31160945	31167594
0	1067	1	1	46	37	20	832	0	3533595	0	0	3535196	3538027	22350297	22355520	22355677	22355800	22355800	22356251	26125354	26135725	29923723	31126913	31160221	31160945	31167604
0	1068	1	1	43	37	20	832	0	3560732	0	0	3562095	3564498	22357244	22362748	22362919	22363046	22363046	22363467	26125354	26135725	29923723	31126913	31160221	31160945	31167614
0	1069	0	1	47	37	20	832	0	3590269	0	0	3595728	3602591	22364482	22369926	22370078	22370195	22370196	22370658	26125354	26135725	29923723	31126913	31160221	31160945	31167623
0	1070	1	1	41	37	20	832	0	3614177	0	0	3616855	3618919	22371680	22377842	22377981	22378090	22378090	22378474	26125354	26135725	29923723	31126913	31160221	31160945	31167633
0	1071	0	1	43	38	20	832	0	3632947	0	0	3634618	3636615	22379355	22384612	22384756	22384859	22384859	22385202	26125354	26135725	29923723	31126913	31160221	31160945	31167643
0	1072	0	1	40	38	20	832	0	3656022	0	0	3657878	3660974	22386072	22391527	22391665	22391777	22391777	22392121	26125354	26135725	29923723	31126913	31160221	31160945	31167653
0	1073	0	1	47	38	20	832	0	3701074	0	0	3702474	3704939	22392984	22398411	22398545	22398650	22398650	22398991	26125354	26135725	29923723	31126913	31160221	31160945	31167663
0	1074	1	1	31	38	20	832	0	3726363	26141248	27336617	3729118	3732649	22399869	22405318	22405459	22405564	22405565	22405908	26125354	26135725	0	0	0	0	31167673
0	1075	1	0	30	25	21	832	0	3770320	0	0	3772100	3775125	27376664	27383956	27384063	27384161	27384161	27384337	31177416	31188191	34936698	36130821	36202739	36207348	36213664
0	1076	1	0	33	25	22	832	0	3804276	0	0	3805634	3808714	27385641	27390518	27390667	27390772	27390772	27390948	31177416	31188191	34936698	36130821	36202739	36207348	36213673
0	1077	1	0	40	30	22	832	0	3825008	0	0	3826492	3830100	27392405	27397156	27397447	27397538	27397538	27397758	31177416	31188191	34936698	36130821	36202739	36207348	36213684
0	1078	1	0	37	32	21	832	0	3846708	0	0	3848848	3851408	27399225	27404437	27404577	27404695	27404696	27404943	31177416	31188191	34936698	36130821	36202739	36207348	36213695
0	1079	0	0	36	33	22	832	0	3884332	0	0	3885403	3887156	27406157	27411541	27411683	27411800	27411800	27412085	31177416	31188191	34936698	36130821	36202739	36207348	36213705
0	1080	0	0	41	33	22	832	0	3900592	0	0	3901752	3904299	27413361	27419309	27419440	27419544	27419544	27419785	31177416	31188191	34936698	36130821	36202739	36207348	36213714
0	1081	0	0	37	33	22	832	0	3944767	0	0	3946148	3948417	27420873	27426125	27426243	27426364	27426364	27426609	31177416	31188191	34936698	36130821	36202739	36207348	36213724
0	1082	1	0	42	33	22	832	0	3980966	0	0	3983172	3986011	27427710	27433843	27433966	27434060	27434060	27434305	31177416	31188191	34936698	36130821	36202739	36207348	36213733
0	1083	1	0	43	33	22	832	0	3998621	0	0	3999691	4002054	27435416	27440678	27440800	27440892	27440893	27441132	31177416	31188191	34936698	36130821	36202739	36207348	36213742
0	1084	1	0	36	34	23	832	0	4046438	0	0	4047795	4051179	27442242	27447544	27447665	27447761	27447761	27448029	31177416	31188191	34936698	36130821	36202739	36207348	36213752
0	1085	1	0	38	34	23	832	0	4077004	0	0	4078325	4080896	27449188	27454725	27454844	27454950	27454950	27455216	31177416	31188191	34936698	36130821	36202739	36207348	36213762
0	1086	1	0	31	34	23	832	0	4095281	31193802	32388592	4097538	4100524	27456396	27461884	27462007	27462104	27462104	27462444	31177416	31188191	0	0	0	0	36213772
0	1087	1	0	32	33	20	832	0	4135608	0	0	4137519	4140636	32421249	32433248	32433431	32433543	32433543	32433793	36224661	36236344	39993296	41189255	41257016	41260592	41266695
0	1088	1	1	35	33	20	832	0	4156707	0	0	4158645	4161707	32435173	32443847	32444019	32444155	32444155	32444409	36224661	36236344	39993296	41189255	41257016	41260592	41266705
0	1089	1	1	33	33	20	832	0	4214888	0	0	4216492	4218875	32445745	32452045	32452242	32452352	32452352	32452599	36224661	36236344	39993296	41189255	41257016	41260592	41266714
0	1090	1	1	34	34	21	832	0	4238514	0	0	4240569	4242877	32453905	32459102	32459247	32459357	32459357	32459639	36224661	36236344	39993296	41189255	41257016	41260592	41266723
0	1091	1	1	33	34	21	832	0	4297432	0	0	4299502	4301742	32461002	32466736	32466892	32467012	32467012	32467301	36224661	36236344	39993296	41189255	41257016	41260592	41266732
0	1092	0	1	30	34	21	832	0	4338799	0	0	4340500	4342979	32468675	32475331	32475482	32475593	32475593	32475882	36224661	36236344	39993296	41189255	41257016	41260592	41266741
0	1093	0	1	30	34	21	832	0	4395410	0	0	4396836	4406134	32477258	32483044	32483197	32483308	32483308	32483595	36224661	36236344	39993296	41189255	41257016	41260592	41266750
0	1094	1	1	29	34	21	832	0	4432100	0	0	4434438	4437903	32484979	32491038	32491172	32491275	32491276	32491524	36224661	36236344	39993296	41189255	41257016	41260592	41266759
0	1095	1	1	31	34	21	832	0	4453442	0	0	4455002	4457300	32492711	32498179	32498321	32498450	32498450	32498699	36224661	36236344	39993296	41189255	41257016	41260592	41266768
0	1096	1	1	30	34	21	832	0	4474733	0	0	4475945	4478398	32499900	32505191	32505315	32505417	32505418	32505664	36224661	36236344	39993296	41189255	41257016	41260592	41266777
0	1097	0	1	32	35	22	832	0	4493631	0	0	4495448	4498265	32506891	32512060	32512215	32512344	32512344	32512643	36224661	36236344	39993296	41189255	41257016	41260592	41266787
0	1098	0	1	32	35	22	832	0	4516560	0	0	4518859	4523097	32513949	32519518	32519696	32519847	32519847	32520134	36224661	36236344	39993296	41189255	41257016	41260592	41266796
0	1099	0	1	29	35	22	832	0	4552486	36242120	37438486	4553626	4556731	32521406	32527350	32527473	32527574	32527574	32527854	36224661	36236344	0	0	0	0	41266806
0	1100	0	0	35	31	24	832	0	4600397	0	0	4602014	4606871	37475544	37481482	37481658	37481762	37481763	37482041	41277939	41290418	45030654	46227490	46282183	46284505	46289224
0	1101	1	0	36	31	24	832	0	4620362	0	0	4621492	4625178	37485087	37497563	37497742	37497890	37497891	37498176	41277939	41290418	45030654	46227490	46282183	46284505	46289232
0	1102	1	0	34	31	24	832	0	4670890	0	0	4674290	4678671	37500161	37506812	37506971	37507075	37507076	37507328	41277939	41290418	45030654	46227490	46282183	46284505	46289240
0	1103	1	0	31	32	25	832	0	4708736	0	0	4710105	4714484	37509056	37514679	37514809	37514916	37514916	37515204	41277939	41290418	45030654	46227490	46282183	46284505	46289248
0	1104	1	0	33	32	25	832	0	4740764	0	0	4742763	4746855	37517020	37522461	37522608	37522723	37522724	37523003	41277939	41290418	45030654	46227490	46282183	46284505	46289256
0	1105	1	0	34	32	26	832	0	4772355	0	0	4774120	4776742	37524824	37530978	37531151	37531279	37531280	37531526	41277939	41290418	45030654	46227490	46282183	46284505	46289264
0	1106	1	0	35	33	24	832	0	4802033	0	0	4804596	4808815	37533198	37538571	37538695	37538788	37538788	37539069	41277939	41290418	45030654	46227490	46282183	46284505	46289272
0	1107	1	0	39	34	24	832	0	4834816	0	0	4836251	4839739	37540561	37545959	37546076	37546177	37546177	37546483	41277939	41290418	45030654	46227490	46282183	46284505	46289280
0	1108	1	0	39	34	24	832	0	4853938	0	0	4856375	4862959	37547970	37553458	37553581	37553686	37553686	37553980	41277939	41290418	45030654	46227490	46282183	46284505	46289289
0	1109	0	0	33	35	25	832	0	4883596	41296302	42495334	4884799	4887800	37555490	37561031	37561158	37561260	37561260	37561581	41277939	41290418	0	0	0	0	46289298
0	1110	0	0	32	32	18	832	0	4901937	0	0	4904280	4906703	42532457	42542439	42542560	42542667	42542667	42542992	46297719	46306885	50064289	51262567	51304205	51304692	51309743
0	1111	1	1	32	33	18	832	0	4934969	0	0	4936892	4938903	42544462	42556522	42556680	42556818	42556819	42557164	46297719	46306885	50064289	51262567	51304205	51304692	51309753
0	1112	1	1	35	33	18	832	0	4969313	0	0	4971228	4974746	42558631	42564832	42564985	42565103	42565103	42565428	46297719	46306885	50064289	51262567	51304205	51304692	51309762
0	1113	1	1	33	34	18	832	0	5011102	0	0	5012395	5014918	42566921	42572822	42572981	42573095	42573096	42573424	46297719	46306885	50064289	51262567	51304205	51304692	51309772
0	1114	1	1	33	34	18	832	0	5041341	0	0	5043847	5046374	42574850	42580900	42581055	42581177	42581177	42581509	46297719	46306885	50064289	51262567	51304205	51304692	51309781
0	1115	0	1	36	34	18	832	0	5059590	0	0	5060903	5063294	42583356	42589920	42590043	42590143	42590143	42590447	46297719	46306885	50064289	51262567	51304205	51304692	51309790
0	1116	1	1	36	34	18	832	0	5076098	0	0	5077353	5079814	42591703	42597471	42597592	42597689	42597689	42597968	46297719	46306885	50064289	51262567	51304205	51304692	51309799
0	1117	1	1	31	34	18	832	0	5110825	46312702	47513894	5113229	5115301	42599239	42605257	42605380	42605480	42605480	42605759	46297719	46306885	0	0	0	0	51309809
0	1118	0	0	36	35	24	832	0	5142722	0	0	5148891	5151298	47551991	47562662	47562809	47562929	47562929	47567810	51316904	51324889	53824182	55019321	55078508	55080494	55084269
0	1119	1	1	38	36	24	832	0	5172627	0	0	5174952	5177391	47571534	47577805	47577958	47578100	47578100	47578500	51316904	51324889	53824182	55019321	55078508	55080494	55084279
0	1120	0	1	36	36	24	832	0	5200949	0	0	5203481	5205913	47580627	47586139	47586292	47586459	47586460	47586838	51316904	51324889	53824182	55019321	55078508	55080494	55084288
0	1121	0	1	35	37	25	832	0	5223173	0	0	5224601	5228670	47588899	47594375	47594525	47594645	47594645	47595073	51316904	51324889	53824182	55019321	55078508	55080494	55084298
0	1122	0	1	36	37	25	832	0	5249977	0	0	5252010	5255276	47597216	47603782	47603923	47604055	47604055	47604469	51316904	51324889	53824182	55019321	55078508	55080494	55084308
0	1123	0	1	38	39	24	832	0	5281170	0	0	5283418	5285566	47606657	47612758	47612900	47613008	47613008	47613446	51316904	51324889	53824182	55019321	55078508	55080494	55084318
0	1124	0	1	32	39	24	832	0	5312472	51330243	52527113	5313748	5316739	47615177	47621220	47621357	47621476	47621476	47621874	51316904	51324889	0	0	0	0	55084328
0	1125	0	1	33	31	24	832	0	5331282	0	0	5333122	5352350	52561606	52571449	52571565	52571693	52571693	52572037	55091047	55102235	58852184	60048821	60142392	60161383	60175998
0	1126	1	0	34	31	24	832	0	5350275	0	0	5353095	5354975	52574436	52580075	52580200	52580318	52580318	52580602	55091047	55102235	58852184	60048821	60142392	60161383	60176019
0	1127	1	0	33	31	24	832	0	5369659	0	0	5370767	5373130	52583218	52587057	52587166	52587273	52587273	52587552	55091047	55102235	58852184	60048821	60142392	60161383	60176040
0	1128	1	0	31	31	24	832	0	5396890	0	0	5398104	5400230	52589853	52593509	52593597	52593701	52593701	52593979	55091047	55102235	58852184	60048821	60142392	60161383	60176061
0	1129	0	0	33	31	25	832	0	5447179	0	0	5448759	5453904	52596300	52599775	52599865	52599970	52599970	52600216	55091047	55102235	58852184	60048821	60142392	60161383	60176081
0	1130	1	0	32	37	21	832	0	5478237	0	0	5482626	5487016	52602665	52606676	52606813	52606920	52606920	52607398	55091047	55102235	58852184	60048821	60142392	60161383	60176105
0	1131	1	0	37	37	21	832	0	5507755	0	0	5509001	5511405	52609307	52616476	52616613	52616735	52616735	52617139	55091047	55102235	58852184	60048821	60142392	60161383	60176130
0	1132	1	0	33	37	21	832	0	5523929	0	0	5524970	5527042	52618806	52624770	52624892	52625001	52625001	52625406	55091047	55102235	58852184	60048821	60142392	60161383	60176154
0	1133	0	0	34	37	21	832	0	5583666	0	0	5585027	5587100	52627073	52633014	52633136	52633247	52633247	52633653	55091047	55102235	58852184	60048821	60142392	60161383	60176177
0	1134	0	0	38	38	22	832	0	5604205	0	0	5607106	5616105	52635329	52641439	52641559	52641670	52641670	52642118	55091047	55102235	58852184	60048821	60142392	60161383	60176201
0	1135	0	0	40	39	22	832	0	5626303	0	0	5628254	5630793	52643869	52650412	52650541	52650660	52650661	52651120	55091047	55102235	58852184	60048821	60142392	60161383	60176226
0	1136	0	0	35	39	22	832	0	5660594	55108289	56308227	5661773	5663742	52652840	52660187	52660317	52660443	52660443	52660905	55091047	55102235	0	0	0	0	60176251
0	1137	1	1	39	38	29	832	0	5676828	0	0	5678251	5680416	56340420	56351728	56351878	56352016	56352016	56352440	60193310	60210380	64001993	65203397	65234162	65234686	65241742
0	1138	1	0	37	38	29	832	0	5725827	0	0	5727357	5729776	56355448	56364038	56364230	56364392	56364393	56364832	60193310	60210380	64001993	65203397	65234162	65234686	65241754
0	1139	1	0	39	38	29	832	0	5741494	0	0	5742584	5749944	56367798	56372815	56372977	56373109	56373109	56373533	60193310	60210380	64001993	65203397	65234162	65234686	65241767
0	1140	1	0	45	40	31	832	0	5779061	0	0	5781270	5785438	56376571	56381620	56381780	56381910	56381911	56382436	60193310	60210380	64001993	65203397	65234162	65234686	65241779
0	1141	0	0	43	41	31	832	0	5797324	0	0	5799012	5804112	56385536	56392490	56392620	56392746	56392747	56393175	60193310	60210380	64001993	65203397	65234162	65234686	65241791
0	1142	0	0	43	42	31	832	0	5836068	0	0	5837395	5841144	56395832	56401461	56401585	56401711	56401711	56402139	60193310	60210380	64001993	65203397	65234162	65234686	65241804
0	1143	0	0	45	42	31	832	0	5861401	0	0	5862718	5864811	56404799	56410882	56411019	56411149	56411149	56411577	60193310	60210380	64001993	65203397	65234162	65234686	65241817
0	1144	1	0	42	42	32	832	0	5880733	0	0	5883799	5886254	56414214	56420315	56420460	56420583	56420583	56420975	60193310	60210380	64001993	65203397	65234162	65234686	65241829
0	1145	1	0	44	42	31	832	0	5904392	0	0	5905476	5907980	56423797	56430412	56430555	56430680	56430680	56431089	60193310	60210380	64001993	65203397	65234162	65234686	65241841
0	1146	1	0	37	42	31	832	0	5930517	60216806	61415113	5931859	5934547	56433757	56440763	56440889	56441012	56441012	56441426	60193310	60210380	0	0	0	0	65241854
0	1147	0	0	30	30	22	832	0	5974543	0	0	5978482	5981682	61446980	61454160	61454257	61454437	61454438	61454793	65257116	65267001	69035142	70232475	70279069	70280949	70287031
0	1148	0	1	34	30	22	832	0	6009803	0	0	6012802	6015850	61457287	61463497	61463611	61463723	61463723	61464029	65257116	65267001	69035142	70232475	70279069	70280949	70287039
0	1149	0	1	34	31	22	832	0	6053363	0	0	6054972	6058613	61466655	61470600	61470729	61470839	61470840	61471149	65257116	65267001	69035142	70232475	70279069	70280949	70287047
0	1150	0	1	38	35	19	832	0	6085344	0	0	6086701	6090885	61473601	61477743	61477872	61477990	61477990	61478370	65257116	65267001	69035142	70232475	70279069	70280949	70287056
0	1151	1	1	36	36	19	832	0	6113143	0	0	6114683	6119285	61480413	61485807	61485946	61486084	61486084	61486504	65257116	65267001	69035142	70232475	70279069	70280949	70287066
0	1152	1	1	35	36	19	832	0	6143402	0	0	6146198	6148923	61488532	61494222	61494441	61494577	61494578	61494944	65257116	65267001	69035142	70232475	70279069	70280949	70287076
0	1153	1	1	37	38	20	832	0	6162471	0	0	6163715	6166027	61497029	61502995	61503145	61503272	61503272	61503660	65257116	65267001	69035142	70232475	70279069	70280949	70287086
0	1154	1	1	36	38	20	832	0	6193575	0	0	6195151	6197554	61505761	61512131	61512256	61512380	61512381	61512716	65257116	65267001	69035142	70232475	70279069	70280949	70287095
0	1155	1	1	40	38	20	832	0	6220832	0	0	6222207	6226542	61514542	61520011	61520129	61520243	61520243	61520573	65257116	65267001	69035142	70232475	70279069	70280949	70287106
0	1156	1	1	42	39	21	832	0	6268971	0	0	6271709	6274667	61522393	61527775	61527905	61528021	61528021	61528400	65257116	65267001	69035142	70232475	70279069	70280949	70287116
0	1157	0	1	32	39	21	832	0	6309391	65274793	66473548	6310617	6312883	61530300	61536291	61536419	61536541	61536541	61536919	65257116	65267001	0	0	0	0	70287126
0	1158	0	0	31	31	20	832	0	6335671	0	0	6337177	6340241	66508359	66518193	66518301	66518540	66518541	66518796	70297164	70307423	74073952	75271482	75300192	75300668	75307292
0	1159	0	0	31	31	20	832	0	6358004	0	0	6361157	6367100	66521113	66527347	66527499	66527628	66527629	66527879	70297164	70307423	74073952	75271482	75300192	75300668	75307301
0	1160	1	0	36	31	20	832	0	6383274	0	0	6384492	6386816	66530230	66535939	66536068	66536180	66536181	66536430	70297164	70307423	74073952	75271482	75300192	75300668	75307310
0	1161	1	0	34	32	21	832	0	6415837	0	0	6417148	6420160	66538806	66543470	66543598	66543713	66543714	66544001	70297164	70307423	74073952	75271482	75300192	75300668	75307319
0	1162	1	0	30	32	21	832	0	6457009	0	0	6458231	6460482	66546472	66551917	66552035	66552143	66552143	66552390	70297164	70307423	74073952	75271482	75300192	75300668	75307328
0	1163	1	0	31	32	21	832	0	6491159	0	0	6494274	6500306	66554505	66560461	66560579	66560681	66560681	66560929	70297164	70307423	74073952	75271482	75300192	75300668	75307337
0	1164	1	0	35	34	20	832	0	6514789	0	0	6516102	6518321	66563056	66567970	66568083	66568184	66568184	66568480	70297164	70307423	74073952	75271482	75300192	75300668	75307346
0	1165	0	0	33	34	20	832	0	6565172	0	0	6567167	6570461	66570451	66575895	66576005	66576118	66576118	66576417	70297164	70307423	74073952	75271482	75300192	75300668	75307356
0	1166	0	0	36	34	20	832	0	6604124	0	0	6606651	6609542	66578402	66583865	66583980	66584090	66584091	66584390	70297164	70307423	74073952	75271482	75300192	75300668	75307366
0	1167	1	0	34	34	20	832	0	6639161	70313078	71508575	6643913	6647447	66586370	66592065	66592179	66592285	66592285	66592581	70297164	70307423	0	0	0	0	75307375
0	1168	0	0	36	32	19	832	0	6665401	0	0	6668086	6670920	71541255	71554999	71555146	71555311	71555312	71555700	75318719	75331403	79166262	80367100	80406513	80407775	80416203
0	1169	0	1	36	32	19	832	0	6695292	0	0	6697434	6700549	71558262	71563437	71563540	71563652	71563653	71563977	75318719	75331403	79166262	80367100	80406513	80407775	80416211
0	1170	1	0	40	32	19	832	0	6716775	0	0	6717860	6721853	71566362	71570197	71570302	71570438	71570438	71570765	75318719	75331403	79166262	80367100	80406513	80407775	80416219
0	1171	1	0	39	35	20	832	0	6750179	0	0	6756982	6759750	71573127	71577248	71577381	71577494	71577494	71577873	75318719	75331403	79166262	80367100	80406513	80407775	80416229
0	1172	1	0	40	35	20	832	0	6792740	0	0	6793818	6795989	71580321	71585031	71585170	71585304	71585305	71585683	75318719	75331403	79166262	80367100	80406513	80407775	80416238
0	1173	1	0	39	35	20	832	0	6820677	0	0	6822260	6824393	71588199	71594037	71594180	71594302	71594302	71594756	75318719	75331403	79166262	80367100	80406513	80407775	80416247
0	1174	1	0	40	35	20	832	0	6854125	0	0	6855500	6857616	71597188	71601982	71602124	71602245	71602245	71602661	75318719	75331403	79166262	80367100	80406513	80407775	80416256
0	1175	1	0	40	35	20	832	0	6888172	0	0	6890438	6893630	71605092	71610735	71610852	71610960	71610960	71611284	75318719	75331403	79166262	80367100	80406513	80407775	80416265
0	1176	1	0	38	35	20	832	0	6921369	0	0	6923607	6925857	71613370	71618237	71618370	71618478	71618479	71618800	75318719	75331403	79166262	80367100	80406513	80407775	80416274
0	1177	1	0	40	36	21	832	0	6972001	0	0	6973653	6975536	71620881	71625732	71625845	71625952	71625953	71626309	75318719	75331403	79166262	80367100	80406513	80407775	80416283
0	1178	1	0	35	36	21	832	0	6995472	0	0	6999949	7003362	71628515	71633983	71634122	71634244	71634245	71634637	75318719	75331403	79166262	80367100	80406513	80407775	80416292
0	1179	1	0	43	36	21	832	0	7019192	0	0	7020721	7024153	71636824	71642725	71642843	71642953	71642953	71643310	75318719	75331403	79166262	80367100	80406513	80407775	80416301
0	1180	1	0	40	36	21	832	0	7040347	0	0	7041775	7044099	71645515	71650718	71650831	71650942	71650942	71651298	75318719	75331403	79166262	80367100	80406513	80407775	80416311
0	1181	0	0	38	36	21	832	0	7064917	0	0	7066322	7071332	71653515	71658774	71658894	71659004	71659005	71659362	75318719	75331403	79166262	80367100	80406513	80407775	80416320
0	1182	0	0	37	36	21	832	0	7091213	75336766	76535827	7092697	7099436	71661589	71666998	71667128	71667247	71667247	71667610	75318719	75331403	0	0	0	0	80416329
0	1183	0	1	40	33	24	832	0	7125493	0	0	7127901	7130212	76570968	76578415	76578545	76578688	76578688	76579003	80429897	80446507	84323627	85525806	85578697	85581847	85592364
0	1184	0	0	39	33	24	832	0	7163235	0	0	7164838	7167827	76582306	76590483	76590610	76590742	76590742	76591025	80429897	80446507	84323627	85525806	85578697	85581847	85592373
0	1185	0	0	42	35	25	832	0	7213221	0	0	7215844	7219108	76594276	76598643	76598789	76598908	76598908	76599218	80429897	80446507	84323627	85525806	85578697	85581847	85592383
0	1186	0	0	42	36	26	832	0	7254955	0	0	7257289	7260786	76602564	76607089	76607235	76607375	76607376	76607725	80429897	80446507	84323627	85525806	85578697	85581847	85592392
0	1187	0	0	41	36	26	832	0	7294818	0	0	7298072	7301252	76611201	76616482	76616626	76616781	76616782	76617093	80429897	80446507	84323627	85525806	85578697	85581847	85592402
0	1188	0	0	50	36	26	832	0	7337481	0	0	7339219	7342205	76620121	76624876	76624992	76625105	76625105	76625400	80429897	80446507	84323627	85525806	85578697	85581847	85592412
0	1189	0	0	47	36	26	832	0	7370270	0	0	7372374	7375653	76628377	76633390	76633512	76633623	76633624	76633915	80429897	80446507	84323627	85525806	85578697	85581847	85592421
0	1190	0	0	42	36	26	832	0	7393988	0	0	7397343	7401169	76636890	76641865	76641982	76642092	76642092	76642405	80429897	80446507	84323627	85525806	85578697	85581847	85592430
0	1191	0	0	41	36	26	832	0	7417499	0	0	7419334	7421806	76645392	76650752	76650870	76650981	76650981	76651273	80429897	80446507	84323627	85525806	85578697	85581847	85592440
0	1192	1	0	47	36	25	832	0	7440924	0	0	7442125	7445143	76654284	76660048	76660164	76660279	76660279	76660595	80429897	80446507	84323627	85525806	85578697	85581847	85592449
0	1193	1	0	46	36	25	832	0	7474039	0	0	7475179	7477470	76663563	76669424	76669539	76669651	76669652	76669964	80429897	80446507	84323627	85525806	85578697	85581847	85592458
0	1194	0	0	44	36	25	832	0	7495193	0	0	7499767	7502051	76672879	76679079	76679211	76679323	76679324	76679645	80429897	80446507	84323627	85525806	85578697	85581847	85592468
0	1195	0	0	44	36	25	832	0	7519825	0	0	7521110	7523041	76682561	76688187	76688299	76688409	76688410	76688724	80429897	80446507	84323627	85525806	85578697	85581847	85592477
0	1196	0	0	42	36	25	832	0	7551022	0	0	7552492	7554499	76691655	76697493	76697594	76697702	76697703	76698016	80429897	80446507	84323627	85525806	85578697	85581847	85592486
0	1197	0	0	36	36	25	832	0	7583007	80461366	81661216	7584201	7586231	76700937	76706377	76706498	76706609	76706610	76706924	80429897	80446507	0	0	0	0	85592496
0	1198	0	0	36	32	22	832	0	7603097	0	0	7608691	7611728	81705695	81712314	81712411	81712549	81712550	81713010	85607035	85620864	89441471	90640353	90684190	90685523	90693647
0	1199	0	1	35	34	20	832	0	7640756	0	0	7642802	7644695	81716226	81722617	81722759	81725485	81725486	81725931	85607035	85620864	89441471	90640353	90684190	90685523	90693657
0	1200	0	1	31	35	21	832	0	7673211	0	0	7674420	7676857	81728832	81733633	81733773	81733904	81733904	81734406	85607035	85620864	89441471	90640353	90684190	90685523	90693667
0	1201	0	1	34	35	21	832	0	7702822	0	0	7704503	7706937	81737346	81742002	81742141	81742275	81742276	81742782	85607035	85620864	89441471	90640353	90684190	90685523	90693678
0	1202	1	1	35	36	22	832	0	7727888	0	0	7731775	7734107	81745708	81750290	81750554	81750684	81750684	81751710	85607035	85620864	89441471	90640353	90684190	90685523	90693688
0	1203	1	1	36	37	22	832	0	7763062	0	0	7764214	7766732	81754344	81759501	81759663	81759823	81759824	81760272	85607035	85620864	89441471	90640353	90684190	90685523	90693699
0	1204	0	1	39	38	21	832	0	7795804	0	0	7797026	7799999	81762917	81767991	81768121	81768242	81768242	81768683	85607035	85620864	89441471	90640353	90684190	90685523	90693710
0	1205	0	1	39	38	21	832	0	7830286	0	0	7832927	7835122	81771126	81776469	81776593	81776715	81776716	81777153	85607035	85620864	89441471	90640353	90684190	90685523	90693721
0	1206	0	1	36	38	21	832	0	7866394	0	0	7870084	7873237	81779596	81785113	81785248	81785365	81785365	81785806	85607035	85620864	89441471	90640353	90684190	90685523	90693732
0	1207	0	1	42	39	22	832	0	7901687	0	0	7902980	7904711	81788287	81793885	81793997	81794117	81794117	81794670	85607035	85620864	89441471	90640353	90684190	90685523	90693744
0	1208	0	1	39	39	22	832	0	7926494	0	0	7927785	7929567	81797234	81803493	81803614	81803745	81803745	81804234	85607035	85620864	89441471	90640353	90684190	90685523	90693755
0	1209	0	1	37	39	22	832	0	7950146	0	0	7951549	7953504	81806851	81813160	81813291	81813412	81813412	81813898	85607035	85620864	89441471	90640353	90684190	90685523	90693767
0	1210	0	1	35	39	22	832	0	7986597	85626996	86826524	8000553	8003460	81816548	81822356	81822484	81822610	81822610	81823097	85607035	85620864	0	0	0	0	90693779
0	1211	0	0	36	33	24	832	0	8030901	0	0	8032885	8034999	86873134	86881689	86881801	86881940	86881940	86882359	90712899	90726949	94592860	95798083	95855859	95859346	95869996
0	1212	0	1	40	33	24	832	0	8054907	0	0	8056516	8058795	86886067	86892821	86892967	86893097	86893098	86893492	90712899	90726949	94592860	95798083	95855859	95859346	95870006
0	1213	1	1	35	34	21	832	0	8084443	0	0	8085724	8088004	86897268	86901583	86901714	86901834	86901835	86902241	90712899	90726949	94592860	95798083	95855859	95859346	95870017
0	1214	0	1	35	35	22	832	0	8119833	0	0	8122144	8124437	86905498	86909752	86909880	86910009	86910009	86910500	90712899	90726949	94592860	95798083	95855859	95859346	95870027
0	1215	1	1	39	37	23	832	0	8155454	0	0	8158226	8162211	86913793	86918451	86918629	86918809	86918810	86919331	90712899	90726949	94592860	95798083	95855859	95859346	95870038
0	1216	0	1	43	37	23	832	0	8185287	0	0	8186915	8189572	86923461	86928636	86928757	86928881	86928881	86929308	90712899	90726949	94592860	95798083	95855859	95859346	95870048
0	1217	0	1	39	37	23	832	0	8253837	0	0	8255326	8257932	86932207	86937719	86937839	86937955	86937955	86938408	90712899	90726949	94592860	95798083	95855859	95859346	95870059
0	1218	1	1	37	37	23	832	0	8289923	0	0	8293568	8296496	86941293	86946923	86947039	86947154	86947155	86947582	90712899	90726949	94592860	95798083	95855859	95859346	95870071
0	1219	0	1	38	37	23	832	0	8313386	0	0	8315613	8317519	86950564	86956158	86956274	86956390	86956390	86956816	90712899	90726949	94592860	95798083	95855859	95859346	95870081
0	1220	0	1	39	37	23	832	0	8335885	0	0	8337022	8338990	86959742	86966007	86966124	86966242	86966242	86966702	90712899	90726949	94592860	95798083	95855859	95859346	95870092
0	1221	0	1	37	37	23	832	0	8386723	0	0	8388191	8391737	86969613	86975793	86975897	86976013	86976013	86976447	90712899	90726949	94592860	95798083	95855859	95859346	95870103
0	1222	0	1	45	37	23	832	0	8432590	0	0	8436795	8440762	86979383	86985358	86985461	86985575	86985576	86986006	90712899	90726949	94592860	95798083	95855859	95859346	95870114
0	1223	1	1	47	39	24	832	0	8464708	0	0	8465869	8468161	86988951	86994744	86994880	86995021	86995022	86995515	90712899	90726949	94592860	95798083	95855859	95859346	95870125
0	1224	1	1	59	38	23	832	0	8485331	0	0	8486624	8488403	86998701	87004800	87004903	87005029	87005029	87005470	90712899	90726949	94592860	95798083	95855859	95859346	95870136
0	1225	1	1	52	39	23	832	0	8521884	0	0	8523756	8529999	87008396	87014476	87014580	87014700	87014700	87015142	90712899	90726949	94592860	95798083	95855859	95859346	95870146
0	1226	1	1	31	39	23	832	0	8547495	90736989	91933270	8553802	8560994	87018027	87024501	87024640	87024806	87024806	87025250	90712899	90726949	0	0	0	0	95870157
0	1227	1	1	40	32	20	832	0	8592356	0	0	8595361	8599697	91969638	91981544	91981723	91981859	91981860	91982166	95885661	95900147	99738677	100942076	100992389	100994699	101003797
0	1228	1	0	37	32	20	832	0	8620649	0	0	8622234	8625789	91985439	91992121	91992276	91992408	91992408	91992703	95885661	95900147	99738677	100942076	100992389	100994699	101003806
0	1229	1	0	35	32	20	832	0	8654696	0	0	8656181	8659694	91995939	92000679	92000809	92000928	92000928	92001226	95885661	95900147	99738677	100942076	100992389	100994699	101003815
0	1230	0	0	38	33	21	832	0	8683779	0	0	8685286	8690030	92004438	92008820	92008946	92009064	92009064	92009397	95885661	95900147	99738677	100942076	100992389	100994699	101003823
0	1231	0	0	39	34	22	832	0	8707021	0	0	8709672	8721079	92012768	92017230	92017355	92017482	92017482	92017849	95885661	95900147	99738677	100942076	100992389	100994699	101003833
0	1232	0	0	45	34	22	832	0	8730524	0	0	8732838	8735769	92021349	92026352	92026459	92026577	92026578	92026895	95885661	95900147	99738677	100942076	100992389	100994699	101003842
0	1233	1	0	36	34	22	832	0	8753074	0	0	8755534	8757846	92029858	92034193	92034306	92034442	92034442	92034762	95885661	95900147	99738677	100942076	100992389	100994699	101003850
0	1234	1	0	41	35	22	832	0	8776644	0	0	8777791	8779823	92037722	92042554	92042698	92042806	92042807	92043129	95885661	95900147	99738677	100942076	100992389	100994699	101003859
0	1235	1	0	44	35	22	832	0	8798243	0	0	8801358	8804429	92046061	92051032	92051137	92051254	92051255	92051577	95885661	95900147	99738677	100942076	100992389	100994699	101003868
0	1236	1	0	39	35	22	832	0	8819853	0	0	8821085	8823049	92054583	92059589	92059697	92059809	92059809	92060128	95885661	95900147	99738677	100942076	100992389	100994699	101003877
0	1237	0	0	35	36	22	832	0	8859721	0	0	8860881	8862749	92063101	92068714	92068831	92068946	92068946	92069274	95885661	95900147	99738677	100942076	100992389	100994699	101003887
0	1238	0	0	42	37	22	832	0	8902166	0	0	8903669	8906477	92072354	92078028	92078135	92078253	92078253	92078642	95885661	95900147	99738677	100942076	100992389	100994699	101003896
0	1239	1	0	44	37	22	832	0	8942655	0	0	8943901	8946006	92081550	92087300	92087413	92087534	92087534	92087860	95885661	95900147	99738677	100942076	100992389	100994699	101003906
0	1240	1	0	33	37	22	832	0	8964719	95905836	97102147	8967499	8970759	92090810	92096849	92096961	92097085	92097085	92097417	95885661	95900147	0	0	0	0	101003915
0	1241	1	1	40	28	25	832	0	8993225	0	0	8994633	8997483	97146309	97152760	97152835	97152965	97152965	97153200	101016810	101028497	104796024	105992062	106083231	106091114	106099353
0	1242	0	0	39	33	17	832	0	9018213	0	0	12142180	12147580	97157643	97169726	97169982	97170270	97170271	97170776	101016810	101028497	104796024	105992062	106083231	106091114	106099362
0	1243	0	0	42	33	17	832	0	9050776	0	0	12153483	12156537	97173585	97179110	97179251	97179391	97179391	97179682	101016810	101028497	104796024	105992062	106083231	106091114	106099371
0	1244	0	0	40	34	18	832	0	9074998	0	0	12165509	12174673	97182480	97187612	97187739	97187861	97187862	97188200	101016810	101028497	104796024	105992062	106083231	106091114	106099380
0	1245	0	0	44	34	19	832	0	9094715	0	0	12177090	12180462	97191217	97196734	97196858	97196997	97196997	97197342	101016810	101028497	104796024	105992062	106083231	106091114	106099389
0	1246	0	0	38	34	19	832	0	9117462	0	0	12184949	12188354	97200578	97205997	97206126	97206250	97206251	97206708	101016810	101028497	104796024	105992062	106083231	106091114	106099398
0	1247	0	0	41	34	19	832	0	9155161	0	0	12193484	12198947	97209483	97214112	97214231	97214369	97214369	97214678	101016810	101028497	104796024	105992062	106083231	106091114	106099407
0	1248	0	0	44	35	20	832	0	9179599	0	0	12202537	12207206	97217348	97221875	97221989	97222096	97222097	97222456	101016810	101028497	104796024	105992062	106083231	106091114	106099416
0	1249	0	0	42	35	20	832	0	9211094	0	0	12212815	12215018	97225259	97230644	97230760	97230878	97230878	97231209	101016810	101028497	104796024	105992062	106083231	106091114	106099426
0	1250	0	0	42	35	20	832	0	9245052	0	0	12219837	12222005	97234027	97239302	97239416	97239528	97239528	97239861	101016810	101028497	104796024	105992062	106083231	106091114	106099435
0	1251	0	0	43	35	20	832	0	9279936	0	0	12227186	12229148	97242716	97248819	97248941	97249052	97249053	97249384	101016810	101028497	104796024	105992062	106083231	106091114	106099444
0	1252	0	0	41	35	20	832	0	9301227	0	0	12235323	12238730	97252242	97258718	97258830	97258938	97258938	97259270	101016810	101028497	104796024	105992062	106083231	106091114	106099453
0	1253	0	0	31	35	20	832	0	9322798	101034982	102232467	12242999	12248935	97262115	97268894	97269016	97269124	97269124	97269457	101016810	101028497	0	0	0	0	106099462
0	1254	0	0	42	33	23	832	0	9367218	0	0	17290388	17294033	102269402	102277005	102277155	102277281	102277281	102277603	106111553	106123292	109916833	111117467	111153803	111154767	111162354
0	1255	1	0	37	34	24	832	0	9400260	0	0	17302838	17305101	102281772	102287274	102287441	102287592	102287592	102287952	106111553	106123292	109916833	111117467	111153803	111154767	111162370
0	1256	1	0	43	35	25	832	0	9432676	0	0	17313527	17315269	102292217	102297302	102297450	102297579	102297579	102297914	106111553	106123292	109916833	111117467	111153803	111154767	111162381
0	1257	1	0	38	35	25	832	0	9465699	0	0	17320522	17322205	102302353	102307325	102307472	102307609	102307609	102307947	106111553	106123292	109916833	111117467	111153803	111154767	111162393
0	1258	1	0	37	35	25	832	0	9500290	0	0	17327494	17329140	102313154	102319006	102319112	102319220	102319220	102319508	106111553	106123292	109916833	111117467	111153803	111154767	111162404
0	1259	1	0	35	35	25	832	0	9538057	0	0	17334432	17336762	102323263	102328941	102329060	102329168	102329168	102329456	106111553	106123292	109916833	111117467	111153803	111154767	111162415
0	1260	1	0	36	36	25	832	0	9564509	0	0	17342086	17343869	102333215	102339630	102339748	102339857	102339857	102340156	106111553	106123292	109916833	111117467	111153803	111154767	111162427
0	1261	1	0	34	36	25	832	0	9584090	0	0	17348461	17350239	102343936	102350554	102350680	102350797	102350797	102351099	106111553	106123292	109916833	111117467	111153803	111154767	111162438
0	1262	1	0	36	36	25	832	0	9636633	0	0	17354985	17356579	102354853	102361662	102361796	102361912	102361912	102362209	106111553	106123292	109916833	111117467	111153803	111154767	111162450
0	1263	1	0	34	36	25	832	0	9676119	0	0	17361281	17362901	102365989	102372817	102372950	102373062	102373062	102373359	106111553	106123292	109916833	111117467	111153803	111154767	111162461
0	1264	1	0	35	36	25	832	0	9710802	106129538	107327104	17367864	17369562	102377168	102383736	102383877	102383988	102383988	102384280	106111553	106123292	0	0	0	0	111162473
0	1265	0	0	35	33	26	832	0	9746641	0	0	22330218	22334144	107369398	107376454	107376563	107376701	107376701	107377138	111174715	111187186	115006306	116211547	116247787	116248957	116257099
0	1266	0	1	42	33	26	832	0	9778752	0	0	22341712	22344230	107382095	107389772	107389907	107390030	107390030	107390482	111174715	111187186	115006306	116211547	116247787	116248957	116257108
0	1267	0	1	36	34	25	832	0	9799886	0	0	22350288	22352098	107395345	107399261	107399409	107399533	107399533	107399896	111174715	111187186	115006306	116211547	116247787	116248957	116257118
0	1268	0	1	43	36	23	832	0	9836109	0	0	22357231	22358899	107404500	107408842	107408983	107409111	107409111	107409578	111174715	111187186	115006306	116211547	116247787	116248957	116257127
0	1269	0	1	43	36	23	832	0	9859445	0	0	22364468	22366189	107413739	107422043	107422187	107422311	107422311	107422740	111174715	111187186	115006306	116211547	116247787	116248957	116257137
0	1270	0	1	44	36	23	832	0	9893604	0	0	22371673	22374168	107426237	107432573	107432705	107432817	107432818	107433211	111174715	111187186	115006306	116211547	116247787	116248957	116257147
0	1271	0	1	42	36	23	832	0	9917174	0	0	22379346	22381998	107436757	107443051	107443180	107443295	107443295	107443688	111174715	111187186	115006306	116211547	116247787	116248957	116257156
0	1272	0	1	39	36	23	832	0	9946449	0	0	22386067	22388065	107447240	107453439	107453566	107453679	107453679	107454072	111174715	111187186	115006306	116211547	116247787	116248957	116257166
0	1273	0	1	44	36	23	832	0	9980112	0	0	22392976	22394950	107457621	107464094	107464230	107464350	107464351	107464744	111174715	111187186	115006306	116211547	116247787	116248957	116257175
0	1274	0	1	46	37	23	832	0	10005718	0	0	22399860	22401762	107468281	107474516	107474643	107474754	107474754	107475142	111174715	111187186	115006306	116211547	116247787	116248957	116257185
0	1275	0	1	47	37	23	832	0	10043471	0	0	22406838	22409118	107478695	107485165	107485296	107485414	107485414	107485803	111174715	111187186	115006306	116211547	116247787	116248957	116257195
0	1276	0	1	30	37	23	832	0	10076565	111192953	112390533	22413856	22416768	107489345	107495991	107496120	107496234	107496234	107496624	111174715	111187186	0	0	0	0	116257205
0	1277	1	1	28	28	24	832	0	10112444	0	0	27392543	27395713	112426738	112433530	112433634	112433744	112433744	112434001	116272517	116286079	120074543	121278895	121325114	121326837	121334794
0	1278	1	1	36	29	24	832	0	10145233	0	0	27399213	27401048	112440038	112445114	112445385	112445612	112445612	112445875	116272517	116286079	120074543	121278895	121325114	121326837	121334806
0	1279	1	1	36	32	21	832	0	10177334	0	0	27406149	27407849	112450616	112454688	112454854	112454988	112454989	112455267	116272517	116286079	120074543	121278895	121325114	121326837	121334818
0	1280	1	1	35	32	21	832	0	10212493	0	0	27413349	27415350	112459253	112464025	112464177	112464307	112464307	112464582	116272517	116286079	120074543	121278895	121325114	121326837	121334830
0	1281	1	1	36	34	22	832	0	10258268	0	0	27420866	27423010	112468548	112474702	112474829	112474934	112474934	112475200	116272517	116286079	120074543	121278895	121325114	121326837	121334843
0	1282	1	1	41	34	22	832	0	10280479	0	0	27427706	27430889	112478745	112485166	112485289	112485401	112485401	112485669	116272517	116286079	120074543	121278895	121325114	121326837	121334856
0	1283	1	1	35	34	22	832	0	10312740	0	0	27435410	27437529	112489190	112494065	112494188	112494293	112494294	112494611	116272517	116286079	120074543	121278895	121325114	121326837	121334869
0	1284	1	1	33	34	23	832	0	10343629	0	0	27442235	27444325	112498063	112502927	112503049	112503152	112503153	112503401	116272517	116286079	120074543	121278895	121325114	121326837	121334881
0	1285	1	1	36	35	23	832	0	10379131	0	0	27449183	27451423	112507040	112512878	112512991	112513092	112513092	112513354	116272517	116286079	120074543	121278895	121325114	121326837	121334894
0	1286	1	1	37	35	23	832	0	10402534	0	0	27456390	27458652	112516983	112523672	112523794	112523904	112523904	112524162	116272517	116286079	120074543	121278895	121325114	121326837	121334907
0	1287	1	1	38	35	23	832	0	10425165	0	0	32426681	32430040	112527886	112534520	112534635	112534741	112534741	112534999	116272517	116286079	120074543	121278895	121325114	121326837	121334920
0	1288	0	1	28	35	22	832	0	10448896	116294362	117492022	32437337	32440437	112538647	112545205	112545336	112545443	112545443	112545721	116272517	116286079	0	0	0	0	121334934
0	1289	0	1	29	25	22	832	0	10473719	0	0	32445733	32449271	117527744	117533488	117533557	117533668	117533669	117533901	121349737	121359962	125131126	126325911	126381777	126384719	126391096
0	1290	0	0	33	25	22	832	0	10494977	0	0	32453898	32455631	117538504	117544553	117544648	117544745	117544745	117546969	121349737	121359962	125131126	126325911	126381777	126384719	126391102
0	1291	0	0	36	29	18	832	0	10516832	0	0	32460992	32462704	117551585	117555074	117555207	117555303	117555303	117555527	121349737	121359962	125131126	126325911	126381777	126384719	126391110
0	1292	0	0	36	29	18	832	0	10537646	0	0	32468659	32470910	117559101	117563849	117563987	117564111	117564111	117564332	121349737	121359962	125131126	126325911	126381777	126384719	126391118
0	1293	0	0	35	29	18	832	0	10559221	0	0	32477244	32478919	117567892	117572484	117572623	117572728	117572728	117572948	121349737	121359962	125131126	126325911	126381777	126384719	126391125
0	1294	0	0	39	29	18	832	0	10579735	0	0	32484968	32487461	117577234	117582284	117582439	117582527	117582528	117582712	121349737	121359962	125131126	126325911	126381777	126384719	126391132
0	1295	0	0	40	29	18	832	0	10605201	0	0	32492706	32494758	117585725	117590418	117590528	117590619	117590619	117590805	121349737	121359962	125131126	126325911	126381777	126384719	126391140
0	1296	0	0	33	30	18	832	0	10636062	0	0	32499893	32501834	117593815	117599328	117599446	117599541	117599542	117599734	121349737	121359962	125131126	126325911	126381777	126384719	126391148
0	1297	0	0	32	30	18	832	0	10656127	0	0	32506886	32508949	117602735	117608589	117608699	117608798	117608798	117608992	121349737	121359962	125131126	126325911	126381777	126384719	126391155
0	1298	0	0	37	30	18	832	0	10695211	0	0	32513940	32516165	117612036	117618407	117618559	117618692	117618692	117618906	121349737	121359962	125131126	126325911	126381777	126384719	126391163
0	1299	0	0	30	30	18	832	0	10730294	0	0	32521400	32524041	117621952	117628514	117628648	117628758	117628758	117628966	121349737	121359962	125131126	126325911	126381777	126384719	126391171
0	1300	1	0	34	30	18	832	0	10770574	0	0	37482388	37497770	117632013	117638412	117638527	117638622	117638622	117638814	121349737	121359962	125131126	126325911	126381777	126384719	126391178
0	1301	1	0	30	30	18	832	0	10807154	121365393	122564733	37497901	37504097	117641805	117648062	117648176	117648271	117648271	117648461	121349737	121359962	0	0	0	0	126391186
0	1302	1	1	35	30	21	832	0	10831524	0	0	37504152	37506937	122602110	122608576	122608707	122608829	122608829	122611042	126401267	126413705	130187129	131389943	131440469	131442407	131449552
0	1303	1	1	34	32	22	832	0	10850968	0	0	37509046	37510833	122618142	122623198	122623365	122623497	122623497	122623815	126401267	126413705	130187129	131389943	131440469	131442407	131449561
0	1304	1	1	32	32	22	832	0	10875016	0	0	37517009	37518765	122628238	122632979	122633133	122633266	122633266	122633582	126401267	126413705	130187129	131389943	131440469	131442407	131449569
0	1305	1	1	34	33	22	832	0	10891903	0	0	37524814	37526499	122637969	122642670	122642821	122642938	122642938	122643246	126401267	126413705	130187129	131389943	131440469	131442407	131449578
0	1306	1	1	34	33	22	832	0	10910666	0	0	37533191	37535349	122648554	122654810	122654932	122655042	122655042	122655312	126401267	126413705	130187129	131389943	131440469	131442407	131449587
0	1307	1	1	32	33	22	832	0	10926600	0	0	37540554	37542887	122659055	122665040	122665157	122665261	122665261	122665526	126401267	126413705	130187129	131389943	131440469	131442407	131449596
0	1308	1	1	37	35	22	832	0	10951726	0	0	37547964	37550197	122669259	122675832	122675953	122676054	122676054	122676332	126401267	126413705	130187129	131389943	131440469	131442407	131449606
0	1309	1	1	37	35	22	832	0	10986857	0	0	37555486	37557708	122680101	122687154	122687276	122687390	122687390	122687667	126401267	126413705	130187129	131389943	131440469	131442407	131449615
0	1310	1	1	36	36	22	832	0	11006020	0	0	42537917	42540985	122691405	122698618	122698782	122698892	122698892	122699168	126401267	126413705	130187129	131389943	131440469	131442407	131449625
0	1311	0	1	37	36	22	832	0	11026491	0	0	42550415	42554155	122702910	122710023	122710150	122710264	122710264	122710646	126401267	126413705	130187129	131389943	131440469	131442407	131449634
0	1312	0	1	34	36	22	832	0	11045378	126419321	127616023	42558621	42560841	122714383	122721639	122721772	122721883	122721883	122722201	126401267	126413705	0	0	0	0	131449644
0	1313	0	0	30	29	22	832	0	11069315	0	0	42566913	42568805	127656507	127663856	127663965	127664110	127664111	127664425	131459382	131470030	135241766	136439027	136492077	136494755	136501901
0	1314	0	1	41	34	20	832	0	11089800	0	0	42574842	42576605	127669324	127676424	127676589	127676707	127676707	127677016	131459382	131470030	135241766	136439027	136492077	136494755	136501910
0	1315	0	1	35	34	20	832	0	11112545	0	0	42583345	42587261	127681789	127687181	127687334	127687474	127687474	127687785	131459382	131470030	135241766	136439027	136492077	136494755	136501919
0	1316	0	1	37	34	20	832	0	11132247	0	0	42591697	42593990	127691895	127696859	127697003	127697127	127697128	127697431	131459382	131470030	135241766	136439027	136492077	136494755	136501928
0	1317	0	1	40	35	21	832	0	11178530	0	0	42599234	42601659	127701544	127709951	127710089	127710199	127710199	127710564	131459382	131470030	135241766	136439027	136492077	136494755	136501938
0	1318	1	1	44	35	21	832	0	11227795	0	0	47557605	47561019	127714196	127720854	127720984	127721100	127721101	127721401	131459382	131470030	135241766	136439027	136492077	136494755	136501947
0	1319	0	1	37	36	22	832	0	11264161	0	0	47572488	47574879	127725048	127731660	127731789	127731898	127731898	127732229	131459382	131470030	135241766	136439027	136492077	136494755	136501957
0	1320	0	1	48	36	22	832	0	11283809	0	0	47580615	47582453	127736064	127742861	127742978	127743094	127743094	127743429	131459382	131470030	135241766	136439027	136492077	136494755	136501966
0	1321	0	1	40	36	22	832	0	11306815	0	0	47588886	47590597	127747234	127754116	127754240	127754378	127754379	127754727	131459382	131470030	135241766	136439027	136492077	136494755	136501976
0	1322	0	1	39	37	22	832	0	11343223	0	0	47597206	47599751	127758603	127765232	127765365	127765478	127765478	127765815	131459382	131470030	135241766	136439027	136492077	136494755	136501986
0	1323	0	1	39	37	22	832	0	11377454	0	0	47606645	47608958	127769682	127776614	127776782	127776932	127776933	127777283	131459382	131470030	135241766	136439027	136492077	136494755	136501996
0	1324	0	1	30	37	22	832	0	11401783	131475531	132672004	47615170	47617296	127781161	127788266	127788389	127788504	127788504	127788840	131459382	131470030	0	0	0	0	136502006
0	1325	0	1	34	29	20	832	0	11426256	0	0	47623660	47626083	132711006	132718317	132718485	132718597	132718597	132718817	136513343	136524287	140293507	141491298	141532359	141533740	141539242
0	1326	0	0	34	30	21	832	0	11463273	0	0	47632297	47634750	132723309	132729067	132729236	132729372	132729372	132729620	136513343	136524287	140293507	141491298	141532359	141533740	141539251
0	1327	0	0	33	30	21	832	0	11510377	0	0	47641073	47643727	132734326	132739313	132739444	132739565	132739565	132739809	136513343	136524287	140293507	141491298	141532359	141533740	141539260
0	1328	0	0	32	31	22	832	0	11544204	0	0	47650289	47652908	132744539	132749424	132749550	132749665	132749665	132749936	136513343	136524287	140293507	141491298	141532359	141533740	141539269
0	1329	0	0	32	32	22	832	0	11583424	0	0	47659498	47662166	132754739	132760026	132760208	132760371	132760372	132760667	136513343	136524287	140293507	141491298	141532359	141533740	141539277
0	1330	1	0	31	32	22	832	0	11614695	0	0	52602659	52604875	132766250	132772461	132772570	132772680	132772680	132772917	136513343	136524287	140293507	141491298	141532359	141533740	141539286
0	1331	1	0	35	33	22	832	0	11644988	0	0	52609292	52610942	132777057	132783741	132783857	132783957	132783957	132784195	136513343	136524287	140293507	141491298	141532359	141533740	141539295
0	1332	1	0	37	34	21	832	0	11666726	0	0	52618797	52620872	132788277	132795362	132795474	132795583	132795584	132795842	136513343	136524287	140293507	141491298	141532359	141533740	141539304
0	1333	1	0	37	34	21	832	0	11696095	0	0	52627066	52629131	132799686	132807113	132807235	132807374	132807375	132807650	136513343	136524287	140293507	141491298	141532359	141533740	141539313
0	1334	1	0	27	35	22	832	0	11731304	136529814	137726627	52635324	52637713	132811723	132818868	132818986	132819091	132819091	132819384	136513343	136524287	0	0	0	0	141539323
0	1335	1	1	24	21	20	832	0	11763208	0	0	52643863	52646245	137767977	137773942	137774020	137774112	137774112	137774294	141555619	141567196	145329808	146527754	146576623	146578886	146585065
0	1336	1	0	26	21	20	832	0	11787813	0	0	52652835	52655819	137779181	137785729	137785835	137785939	137785939	137786059	141555619	141567196	145329808	146527754	146576623	146578886	146585072
0	1337	0	0	32	25	20	832	0	11814558	0	0	56346392	56349607	137790947	137794222	137794425	137794515	137794515	137794676	141555619	141567196	145329808	146527754	146576623	146578886	146585079
0	1338	1	0	34	26	18	832	0	11845931	0	0	56361872	56364547	137799373	137803754	137803888	137804003	137804003	137804166	141555619	141567196	145329808	146527754	146576623	146578886	146585087
0	1339	1	0	31	26	18	832	0	11903911	0	0	56367785	56369476	137808328	137813063	137813193	137813302	137813303	137813464	141555619	141567196	145329808	146527754	146576623	146578886	146585094
0	1340	1	0	27	26	18	832	0	11940331	0	0	56376558	56378401	137818224	137823672	137823776	137823863	137823863	137824012	141555619	141567196	145329808	146527754	146576623	146578886	146585101
0	1341	1	0	27	26	18	832	0	11973248	0	0	56385524	56387851	137827522	137832756	137832861	137832948	137832949	137833082	141555619	141567196	145329808	146527754	146576623	146578886	146585107
0	1342	1	0	40	28	20	832	0	12010921	0	0	56395823	56397986	137836605	137842952	137843052	137843138	137843138	137843311	141555619	141567196	145329808	146527754	146576623	146578886	146585115
0	1343	1	0	38	28	20	832	0	12030513	0	0	56404793	56407236	137847199	137853762	137853869	137853967	137853968	137854146	141555619	141567196	145329808	146527754	146576623	146578886	146585122
0	1344	1	0	31	28	20	832	0	12075667	0	0	56414208	56416846	137858009	137864562	137864663	137864758	137864758	137864936	141555619	141567196	145329808	146527754	146576623	146578886	146585130
0	1345	1	0	36	28	20	832	0	12101749	0	0	56423795	56426995	137868832	137875663	137875770	137875862	137875862	137876037	141555619	141567196	145329808	146527754	146576623	146578886	146585137
0	1346	1	0	29	28	20	832	0	12125316	141575117	142775463	56433754	56437453	137879956	137886528	137886640	137886732	137886732	137886931	141555619	141567196	0	0	0	0	146585145
0	1347	1	1	30	27	20	832	0	12175324	0	0	56444127	56448143	142804003	142812909	142813032	142813150	142813150	142813322	146593840	146603136	150377089	151577044	151631921	151633431	151639647
0	1348	1	0	39	30	17	832	0	12197684	0	0	56454048	56458731	142819304	142824792	142824966	142825102	142825102	142825376	146593840	146603136	150377089	151577044	151631921	151633431	151639655
0	1349	1	0	38	30	17	832	0	12223918	0	0	56464303	56468956	142829445	142834782	142834917	142835045	142835046	142835315	146593840	146603136	150377089	151577044	151631921	151633431	151639663
0	1350	0	0	39	30	17	832	0	12250115	0	0	61473594	61475751	142839290	142844334	142844492	142844608	142844609	142844875	146593840	146603136	150377089	151577044	151631921	151633431	151639671
0	1351	0	0	39	31	17	832	0	12277506	0	0	61480402	61482072	142848743	142853693	142853831	142853948	142853948	142854293	146593840	146603136	150377089	151577044	151631921	151633431	151639679
0	1352	0	0	40	31	17	832	0	12303676	0	0	61488520	61490188	142858669	142864536	142864657	142864762	142864762	142864996	146593840	146603136	150377089	151577044	151631921	151633431	151639687
0	1353	0	0	43	31	17	832	0	12339021	0	0	61497012	61499322	142868249	142874637	142874748	142874850	142874850	142875081	146593840	146603136	150377089	151577044	151631921	151633431	151639695
0	1354	0	0	43	31	17	832	0	12373551	0	0	61505749	61507434	142878311	142884966	142885080	142885181	142885181	142885414	146593840	146603136	150377089	151577044	151631921	151633431	151639703
0	1355	0	0	39	32	17	832	0	12417362	0	0	61514531	61516179	142888718	142895344	142895461	142895563	142895564	142895807	146593840	146603136	150377089	151577044	151631921	151633431	151639711
0	1356	0	0	28	32	18	832	0	12464111	146608582	147807215	61522386	61523970	142899005	142906143	142906263	142906400	142906400	142906654	146593840	146603136	0	0	0	0	151639720
0	1357	0	1	35	26	23	832	0	12489496	0	0	61530294	61532347	147846852	147853915	147854027	147854146	147854147	147854356	151648133	151658474	155420397	156615249	156688315	156691871	156699340
0	1358	1	0	39	26	23	832	0	12513792	0	0	66513707	66517178	147860859	147864714	147864827	147864931	147864931	147865127	151648133	151658474	155420397	156615249	156688315	156691871	156699348
0	1359	1	0	38	32	23	832	0	12537474	0	0	66521424	66523951	147871071	147874431	147874561	147874661	147874661	147874904	151648133	151658474	155420397	156615249	156688315	156691871	156699356
0	1360	1	0	36	33	23	832	0	12577318	0	0	66530215	66532733	147880530	147885432	147885576	147885715	147885715	147885965	151648133	151658474	155420397	156615249	156688315	156691871	156699365
0	1361	1	0	37	34	24	832	0	12613385	0	0	66538796	66540600	147891567	147897974	147898097	147898211	147898212	147898474	151648133	151658474	155420397	156615249	156688315	156691871	156699374
0	1362	1	0	43	36	23	832	0	12647141	0	0	66546465	66548201	147903370	147909670	147909793	147909910	147909911	147910186	151648133	151658474	155420397	156615249	156688315	156691871	156699383
0	1363	1	0	42	36	23	832	0	12675275	0	0	66554498	66557360	147914784	147921272	147921402	147921524	147921525	147921799	151648133	151658474	155420397	156615249	156688315	156691871	156699393
0	1364	1	0	43	36	23	832	0	12698466	0	0	66563053	66565186	147926448	147933463	147933586	147933703	147933703	147933980	151648133	151658474	155420397	156615249	156688315	156691871	156699402
0	1365	1	0	42	36	23	832	0	12717849	0	0	66570444	66572608	147938594	147946137	147946268	147946411	147946411	147946701	151648133	151658474	155420397	156615249	156688315	156691871	156699411
0	1366	1	0	44	37	23	832	0	12742043	0	0	66578392	66580592	147951522	147958686	147958808	147958924	147958924	147959209	151648133	151658474	155420397	156615249	156688315	156691871	156699421
0	1367	1	0	32	37	23	832	0	12764640	151663911	152859640	66586364	66589146	147963741	147971167	147971312	147971443	147971443	147971731	151648133	151658474	0	0	0	0	156699431
0	1368	1	1	38	35	25	832	0	12785505	0	0	66594562	66597229	152901446	152909192	152909332	152909465	152909465	152909741	156709603	156721919	160468721	161666984	161741436	161745498	161751743
0	1369	1	0	37	36	25	832	0	12812075	0	0	66603499	66607061	152916219	152922579	152922745	152922908	152922908	152923198	156709603	156721919	160468721	161666984	161741436	161745498	161751753
0	1370	1	0	38	36	24	832	0	12838271	0	0	66612651	66616345	152929502	152935031	152935173	152935314	152935315	152935602	156709603	156721919	160468721	161666984	161741436	161745498	161751763
0	1371	1	0	35	36	24	832	0	12860481	0	0	71573119	71575351	152941521	152947026	152947194	152947327	152947328	152947618	156709603	156721919	160468721	161666984	161741436	161745498	161751773
0	1372	1	0	37	37	24	832	0	12881478	0	0	71580308	71581962	152954515	152961516	152961660	152961781	152961781	152962036	156709603	156721919	160468721	161666984	161741436	161745498	161751782
0	1373	1	0	40	37	25	832	0	12903717	0	0	71588188	71590778	152967086	152974195	152974356	152974479	152974480	152974721	156709603	156721919	160468721	161666984	161741436	161745498	161751792
0	1374	1	0	35	38	24	832	0	12923447	0	0	71597176	71599057	152980008	152987157	152987286	152987403	152987403	152987678	156709603	156721919	160468721	161666984	161741436	161745498	161751802
0	1375	1	0	34	38	24	832	0	12966091	0	0	71605079	71606833	152992671	153000296	153000425	153000559	153000559	153000835	156709603	156721919	160468721	161666984	161741436	161745498	161751813
0	1376	1	0	33	39	25	832	0	12990842	0	0	71613362	71615955	153005829	153012993	153013137	153013256	153013256	153013567	156709603	156721919	160468721	161666984	161741436	161745498	161751823
0	1377	1	0	28	40	25	832	0	13016192	156728156	157926531	71620874	71623204	153018768	153026315	153026470	153026608	153026608	153026929	156709603	156721919	0	0	0	0	161751834
0	1378	1	0	31	28	18	832	0	13046851	0	0	71628509	71630864	157961371	157967820	157967953	157968056	157968057	157968287	161761580	161766781	164259849	165454218	165495562	165496354	165499954
0	1379	1	1	35	30	18	832	0	13086682	0	0	71636819	71639764	157973054	157981333	157981485	157981613	157981613	157981856	161761580	161766781	164259849	165454218	165495562	165496354	165499964
0	1380	1	1	31	31	19	832	0	13110133	0	0	71645512	71648456	157986430	157991585	157991720	157991848	157991849	157992125	161761580	161766781	164259849	165454218	165495562	165496354	165499974
0	1381	1	1	34	32	19	832	0	13133361	0	0	71653512	71656507	157996825	158001803	158001942	158002068	158002068	158002387	161761580	161766781	164259849	165454218	165495562	165496354	165499985
0	1382	1	1	35	32	19	832	0	13159614	0	0	71661586	71664669	158008194	158014070	158014199	158014310	158014310	158014586	161761580	161766781	164259849	165454218	165495562	165496354	165499995
0	1383	1	1	24	33	20	832	0	13215201	161772538	162967755	71669824	71673384	158018546	158023665	158023780	158023886	158023886	158024159	161761580	161766781	0	0	0	0	165500006
0	1384	1	0	31	27	17	832	0	13248788	0	0	71678117	71681681	163001277	163008612	163008731	163008832	163008832	163009022	165505821	165510993	168009227	169205157	169240357	169240879	169244187
0	1385	1	0	34	28	17	832	0	13295705	0	0	76594265	76596449	163018850	163023748	163023898	163024026	163024027	163024226	165505821	165510993	168009227	169205157	169240357	169240879	169244195
0	1386	1	0	34	30	18	832	0	13317258	0	0	76602553	76604246	163028567	163033681	163033819	163033957	163033957	163034197	165505821	165510993	168009227	169205157	169240357	169240879	169244203
0	1387	1	0	34	31	19	832	0	13352292	0	0	76611184	76612929	163038649	163043796	163043929	163044055	163044055	163044323	165505821	165510993	168009227	169205157	169240357	169240879	169244211
0	1388	1	0	36	31	19	832	0	13378109	0	0	76620114	76622451	163049677	163054771	163054918	163055028	163055028	163055260	165505821	165510993	168009227	169205157	169240357	169240879	169244219
0	1389	1	0	34	31	19	832	0	13418918	165516516	166712084	76628372	76630859	163059219	163064384	163064504	163064607	163064608	163064836	165505821	165510993	0	0	0	0	169244228
0	1390	1	1	33	32	19	832	0	13453567	0	0	76636889	76640143	166744092	166757668	166757832	166757993	166757994	166758484	169249156	169255443	171784905	172984906	173034104	173035568	173041287
0	1391	1	1	39	35	21	832	0	13490059	0	0	76645392	76649302	166763662	166768389	166768554	166768693	166768693	166769149	169249156	169255443	171784905	172984906	173034104	173035568	173041296
0	1392	1	1	42	35	21	832	0	13506512	0	0	76654285	76658497	166774695	166779480	166779622	166779765	166779765	166780289	169249156	169255443	171784905	172984906	173034104	173035568	173041306
0	1393	1	1	41	35	21	832	0	13527925	0	0	76663568	76668421	166785741	166790576	166790770	166790940	166790940	166792350	169249156	169255443	171784905	172984906	173034104	173035568	173041315
0	1394	1	1	42	35	21	832	0	13561816	0	0	76672885	76680390	166797133	166802600	166802718	166802831	166802832	166803209	169249156	169255443	171784905	172984906	173034104	173035568	173041324
0	1395	1	1	44	37	22	832	0	13592322	0	0	76682564	76687293	166807900	166814157	166814278	166814411	166814412	166814838	169249156	169255443	171784905	172984906	173034104	173035568	173041334
0	1396	1	1	40	37	22	832	0	13620291	0	0	76691659	76696524	166819651	166826306	166826436	166826557	166826558	166826968	169249156	169255443	171784905	172984906	173034104	173035568	173041343
0	1397	1	1	33	37	22	832	0	13651421	169262992	170459244	76700941	76705697	166831883	166839292	166839490	166839649	166839649	166840074	169249156	169255443	0	0	0	0	173041354
0	1398	1	0	44	34	23	832	0	13683942	0	0	76709833	76714711	170497875	170506205	170511503	170511653	170511724	170512526	173049901	173058851	176790569	177988574	178053584	178056096	178061531
0	1399	0	0	40	35	21	832	0	13716897	0	0	81723209	81725791	170518919	170524575	170524749	170524903	170524903	170525277	173049901	173058851	176790569	177988574	178053584	178056096	178061541
0	1400	0	0	37	37	22	832	0	13757710	0	0	81728811	81730594	170530995	170537395	170537522	170537645	170537645	170538011	173049901	173058851	176790569	177988574	178053584	178056096	178061552
0	1401	0	0	43	37	22	832	0	13779486	0	0	81737334	81738985	170542997	170549801	170549994	170550164	170550164	170550814	173049901	173058851	176790569	177988574	178053584	178056096	178061562
0	1402	0	0	41	40	23	832	0	13810186	0	0	81745696	81747370	170555721	170562471	170562603	170562721	170562721	170563132	173049901	173058851	176790569	177988574	178053584	178056096	178061573
0	1403	0	0	43	41	22	832	0	13830856	0	0	81754322	81756565	170568205	170576156	170576300	170576432	170576433	170576843	173049901	173058851	176790569	177988574	178053584	178056096	178061584
0	1404	0	0	39	41	22	832	0	13850612	0	0	81762912	81765093	170581619	170589861	170590041	170590211	170590211	170590677	173049901	173058851	176790569	177988574	178053584	178056096	178061595
0	1405	0	0	31	41	22	832	0	13869455	173065148	174264337	81771124	81774088	170595557	170603773	170603918	170604047	170604047	170604454	173049901	173058851	0	0	0	0	178061606
0	1406	0	1	35	33	23	832	0	13898787	0	0	81779595	81782705	174296446	174302732	174302891	174303018	174303019	174303383	178070073	178072522	179327928	180530833	180561886	180562161	180563576
0	1407	0	0	30	35	24	832	0	13922871	178078324	179276530	81788286	81791922	174311194	174320244	174320404	174320555	174320555	174320960	178070073	178072522	0	0	0	0	180563586
0	1408	0	0	38	30	25	832	0	13941288	0	0	81797233	81801376	179312726	179319407	179319549	179319678	179319678	179319999	180568841	180587303	184424356	185628244	185678950	185681372	185690316
0	1409	0	1	37	31	26	832	0	13979953	0	0	81806847	81811179	179328346	179336993	179337124	179337261	179337261	179337526	180568841	180587303	184424356	185628244	185678950	185681372	185690326
0	1410	0	1	39	32	27	832	0	14012750	0	0	81816550	81820602	179345293	179349286	179349392	179349520	179349520	179349802	180568841	180587303	184424356	185628244	185678950	185681372	185690363
0	1411	0	1	40	33	28	832	0	14055092	0	0	81825681	81829763	179357899	179361874	179361972	179362099	179362100	179362432	180568841	180587303	184424356	185628244	185678950	185681372	185690373
0	1412	0	1	37	34	27	832	0	14084932	0	0	81835041	81839948	179371486	179377231	179377325	179377438	179377438	179377713	180568841	180587303	184424356	185628244	185678950	185681372	185690383
0	1413	0	1	37	34	27	832	0	14120677	0	0	86897248	86899650	179384444	179390363	179390448	179390561	179390561	179390840	180568841	180587303	184424356	185628244	185678950	185681372	185690392
0	1414	0	1	39	34	27	832	0	14157878	0	0	86905486	86907216	179397545	179403501	179403585	179403692	179403693	179403966	180568841	180587303	184424356	185628244	185678950	185681372	185690405
0	1415	0	1	37	34	27	832	0	14176969	0	0	86913777	86915529	179410693	179416729	179416822	179416953	179416953	179417252	180568841	180587303	184424356	185628244	185678950	185681372	185690416
0	1416	0	1	37	34	27	832	0	14195040	0	0	86923452	86925937	179424153	179429953	179430037	179430146	179430146	179430521	180568841	180587303	184424356	185628244	185678950	185681372	185690427
0	1417	0	1	39	34	27	832	0	14222993	0	0	86932201	86935115	179437259	179443334	179443451	179443591	179443591	179443888	180568841	180587303	184424356	185628244	185678950	185681372	185690435
0	1418	0	1	43	34	27	832	0	14241058	0	0	86941296	86945406	179450722	179456581	179456668	179456776	179456777	179457052	180568841	180587303	184424356	185628244	185678950	185681372	185690445
0	1419	0	1	41	34	27	832	0	14262670	0	0	86950570	86955309	179463843	179470048	179470133	179470242	179470242	179470569	180568841	180587303	184424356	185628244	185678950	185681372	185690454
0	1420	0	1	39	34	27	832	0	14290583	0	0	86959744	86964690	179477332	179483330	179483413	179483521	179483521	179483793	180568841	180587303	184424356	185628244	185678950	185681372	185690463
0	1421	0	1	35	34	27	832	0	14321776	180592955	181792556	86969613	86974544	179490608	179496845	179496934	179497043	179497043	179497323	180568841	180587303	0	0	0	0	185690473
0	1422	0	0	35	28	24	832	0	14343599	0	0	86979384	86984144	181824173	181831540	181831663	181831791	181831792	181832096	185703099	185713945	189529036	190728700	190766170	190767037	190776241
0	1423	0	1	37	28	24	832	0	14365239	0	0	86988955	86993680	181840568	181849063	181849185	181849303	181849303	181849546	185703099	185713945	189529036	190728700	190766170	190767037	190776255
0	1424	0	1	39	28	24	832	0	14383448	0	0	86998704	87003373	181857097	181860618	181860722	181860831	181860831	181861067	185703099	185713945	189529036	190728700	190766170	190767037	190776263
0	1425	0	1	37	28	24	832	0	14398637	0	0	87008397	87013192	181868619	181872036	181872131	181872239	181872239	181872475	185703099	185713945	189529036	190728700	190766170	190767037	190776272
0	1426	0	1	37	28	24	832	0	14421141	0	0	87018026	87023002	181881200	181886208	181886287	181886398	181886398	181886606	185703099	185713945	189529036	190728700	190766170	190767037	190776280
0	1427	0	1	34	28	24	832	0	14442356	0	0	91974433	91977906	181893023	181898034	181898114	181898202	181898203	181898425	185703099	185713945	189529036	190728700	190766170	190767037	190776288
0	1428	1	1	36	28	24	832	0	14469981	0	0	91986122	91988489	181904900	181909956	181910034	181910123	181910124	181910322	185703099	185713945	189529036	190728700	190766170	190767037	190776296
0	1429	1	1	39	33	23	832	0	14499079	0	0	91995928	91997985	181916775	181921961	181922072	181922163	181922163	181922445	185703099	185713945	189529036	190728700	190766170	190767037	190776306
0	1430	1	1	36	33	23	832	0	14520632	0	0	92004427	92006114	181928494	181935449	181935565	181935686	181935686	181935918	185703099	185713945	189529036	190728700	190766170	190767037	190776315
0	1431	1	1	38	33	23	832	0	14537077	0	0	92012757	92014449	181941937	181948677	181948788	181948894	181948895	181949124	185703099	185713945	189529036	190728700	190766170	190767037	190776323
0	1432	1	1	40	33	23	832	0	14552162	0	0	92021337	92024569	181955122	181961921	181962035	181962143	181962143	181962402	185703099	185713945	189529036	190728700	190766170	190767037	190776333
0	1433	1	1	36	33	23	832	0	14572365	185719641	186915631	92029850	92031726	181968412	181975201	181975324	181975431	181975431	181975662	185703099	185713945	0	0	0	0	190776342
0	1434	1	0	33	39	23	832	0	14604469	190792366	191990980	92037714	92040134	186949361	186957357	186957526	186957688	186957689	186958262	190786259	190786784	0	0	0	0	192022049
0	1435	1	1	32	34	22	832	0	14636611	0	0	92046054	92048609	192021716	192027192	192027304	192027476	192027476	192027954	192207444	192239006	196120365	197323238	197367291	197368464	197376299
0	1436	1	0	42	35	21	832	0	14679679	0	0	92054581	92057805	192035614	192039677	192039787	192039923	192039923	192040381	192207444	192239006	196120365	197323238	197367291	197368464	197376309
0	1437	1	1	39	36	22	832	0	14701694	0	0	92063099	92066782	192047030	192052920	192053075	192053216	192053217	192053727	192207444	192239006	196120365	197323238	197367291	197368464	197376319
0	1438	1	1	46	37	22	832	0	14736855	0	0	92072348	92076519	192060709	192065008	192065117	192065259	192065260	192065777	192207444	192239006	196120365	197323238	197367291	197368464	197376328
0	1439	1	1	45	39	23	832	0	14767957	0	0	92081554	92085615	192072620	192077059	192077169	192077314	192077314	192077871	192207444	192239006	196120365	197323238	197367291	197368464	197376339
0	1440	1	1	37	39	23	832	0	14803167	0	0	92090812	92095649	192084885	192091579	192091665	192091796	192091797	192092273	192207444	192239006	196120365	197323238	197367291	197368464	197376349
0	1441	1	1	34	39	23	832	0	14837976	0	0	92100416	92106503	192098278	192104613	192104701	192104829	192104829	192105303	192207444	192239006	196120365	197323238	197367291	197368464	197376359
0	1442	1	1	41	40	23	832	0	14870836	0	0	97163861	97169192	192111337	192117304	192117409	192117535	192117536	192118002	192207444	192239006	196120365	197323238	197367291	197368464	197376369
0	1443	1	1	40	40	23	832	0	14902606	0	0	97173566	97176041	192124053	192130579	192130673	192130806	192130806	192131271	192207444	192239006	196120365	197323238	197367291	197368464	197376380
0	1444	1	1	42	42	22	832	0	14949631	0	0	97182468	97184233	192137308	192143757	192143884	192144004	192144005	192144460	192207444	192239006	196120365	197323238	197367291	197368464	197376391
0	1445	1	1	40	44	23	832	0	14992715	0	0	97191198	97193525	192150114	192157694	192157835	192157972	192157972	192158524	192207444	192239006	196120365	197323238	197367291	197368464	197376402
0	1446	1	1	35	44	23	832	0	15030590	192249733	193453012	97200557	97202781	192164332	192172156	192172285	192172425	192172425	192172947	192207444	192239006	0	0	0	0	197376414
0	1447	1	0	34	30	19	832	0	15056532	0	0	97209467	97211212	193487366	193495954	193496086	193496269	193496270	193496859	197388432	197389610	198641325	199843402	199879265	199879744	199881149
0	1448	1	0	32	30	19	832	0	15083377	0	0	97217338	97219046	193503268	193509315	193509459	193509583	193509583	193509952	197388432	197389610	198641325	199843402	199879265	199879744	199881158
0	1449	1	0	35	34	20	832	0	15119569	197394677	198591744	97225254	97227684	193518070	193521784	193521939	193522056	193522056	193522483	197388432	197389610	0	0	0	0	199881168
